Aamir_Khan,Aamir_Khan.jpg
Abhay_Deol,Abhay_Deol.jpg
Abhishek_Bachchan,Abhishek_Bachchan.jpg
Aftab_Shivdasani,Aftab_Shivdasani.jpg
Aishwarya_Rai,Aishwarya_Rai.jpg
Ajay_Devgn,Ajay_Devgn.jpg
Akshaye_Khanna,Akshaye_Khanna.jpg
Akshay_Kumar,Akshay_Kumar.jpg
Alia_Bhatt,Alia_Bhatt.jpg
Ameesha_Patel,Ameesha_Patel.jpg
Amitabh_Bachchan,Amitabh_Bachchan.jpg
Amrita_Rao,Amrita_Rao.jpg
Amy_Jackson,Amy_Jackson.jpg
Anil_Kapoor,Anil_Kapoor.jpg
Anushka_Sharma,Anushka_Sharma.jpg
Anushka_Shetty,Anushka_Shetty.jpg
Arjun_Kapoor,Arjun_Kapoor.jpg
Arjun_Rampal,Arjun_Rampal.jpg
Arshad_Warsi,Arshad_Warsi.jpg
Asin,Asin.jpg
Ayushmann_Khurrana,Ayushmann_Khurrana.jpg
Bhumi_Pednekar,Bhumi_Pednekar.jpg
Billgates,Billgates.jpg
Bipasha_Basu,Bipasha_Basu.jpg
Bobby_Deol,Bobby_Deol.jpg
Deepika_Padukone,Deepika_Padukone.jpg
Disha_Patani,Disha_Patani.jpg
Donald_trump,Donald_trump.jpg
Elonmusk,Elonmusk.jpg
Emraan_Hashmi,Emraan_Hashmi.jpg
Esha_Gupta,Esha_Gupta.jpg
Farhan_Akhtar,Farhan_Akhtar.jpg
Govinda,Govinda.jpg
Hrithik_Roshan,Hrithik_Roshan.jpg
Huma_Qureshi,Huma_Qureshi.jpg
Ileana_DCruz,Ileana_DCruz.jpg
Irrfan_Khan,Irrfan_Khan.jpg
Jacqueline_Fernandez,Jacqueline_Fernandez.jpg
John_Abraham,John_Abraham.jpg
Juhi_Chawla,Juhi_Chawla.jpg
Kajal_Aggarwal,Kajal_Aggarwal.jpg
Kajol,Kajol.jpg
Kangana_Ranaut,Kangana_Ranaut.jpg
Kareena_Kapoor,Kareena_Kapoor.jpg
Karisma_Kapoor,Karisma_Kapoor.jpg
Kartik_Aaryan,Kartik_Aaryan.jpeg
Katrina_Kaif,Katrina_Kaif.jpg
Kiara_Advani,Kiara_Advani.jpg
Kriti_Kharbanda,Kriti_Kharbanda.jpg
Kriti_Sanon,Kriti_Sanon.jpg
Kunal_Khemu,Kunal_Khemu.jpg
Lara_Dutta,Lara_Dutta.jpg
Madhuri_Dixit,Madhuri_Dixit.jpg
Manoj_Bajpayee,Manoj_Bajpayee.jpg
Mrunal_Thakur,Mrunal_Thakur.jpg
Nana_Patekar,Nana_Patekar.jpg
Nargis_Fakhri,Nargis_Fakhri.jpg
Naseeruddin_Shah,Naseeruddin_Shah.jpg
Nushrat_Bharucha,Nushrat_Bharucha.jpg
obama,obama.jpg
Paresh_Rawal,Paresh_Rawal.jpg
Parineeti_Chopra,Parineeti_Chopra.jpg
Pooja_Hegde,Pooja_Hegde.jpg
Prabhas,Prabhas.jpg
Prachi_Desai,Prachi_Desai.jpg
Preity_Zinta,Preity_Zinta.jpg
Priyanka_Chopra,Priyanka_Chopra.jpg
Rajkummar_Rao,Rajkummar_Rao.jpg
Ranbir_Kapoor,Ranbir_Kapoor.jpg
Randeep_Hooda,Randeep_Hooda.jpg
Rani_Mukerji,Rani_Mukerji.jpg
Ranveer_Singh,Ranveer_Singh.jpg
Richa_Chadda,Richa_Chadda.jpg
Riteish_Deshmukh,Riteish_Deshmukh.jpg
R_Madhavan,R_Madhavan.jpg
Saif_Ali_Khan,Saif_Ali_Khan.jpg
Salman_Khan,Salman_Khan.jpg
Sanjay,Sanjay.jpg
Sanjay_Dutt,Sanjay_Dutt.jpg
Sara_Ali_Khan,Sara_Ali_Khan.jpg
Shahid_Kapoor,Shahid_Kapoor.jpg
Shah_Rukh_Khan,Shah_Rukh_Khan.jpg
Shilpa_Shetty,Shilpa_Shetty.jpg
Shraddha_Kapoor,Shraddha_Kapoor.jpg
Shreyas_Talpade,Shreyas_Talpade.jpg
Shruti_Haasan,Shruti_Haasan.jpg
Sidharth_Malhotra,Sidharth_Malhotra.jpg
Sonakshi_Sinha,Sonakshi_Sinha.jpg
Sonam_Kapoor,Sonam_Kapoor.jpg
Suniel_Shetty,Suniel_Shetty.jpg
Sunny_Deol,Sunny_Deol.jpg
Sushant_Singh_Rajput,Sushant_Singh_Rajput.jpg
Taapsee_Pannu,Taapsee_Pannu.jpg
Tabu,Tabu.jpeg
Tamannaah_Bhatia,Tamannaah_Bhatia.jpg
Tiger_Shroff,Tiger_Shroff.jpg
Tusshar_Kapoor,Tusshar_Kapoor.jpg
Uday_Chopra,Uday_Chopra.jpeg
Vaani_Kapoor,Vaani_Kapoor.jpg
Varun_Dhawan,Varun_Dhawan.jpg
Vicky_Kaushal,Vicky_Kaushal.jpeg
Vidya_Balan,Vidya_Balan.jpg
Vivek_Oberoi,Vivek_Oberoi.jpg
Yami_Gautam,Yami_Gautam.jpg
Zareen_Khan,Zareen_Khan.jpg